id,category,image,type,audioUrl,title_HI,title_EN,title_HING,desc_HI,desc_EN,desc_HING,content_HI,content_EN,content_HING,folder,folder_HI
id,category,image,type,audioUrl,title_HI,title_EN,title_HING,desc_HI,desc_EN,desc_HING,content_HI,content_EN,content_HING,folder,
hit-harivansh,rasik-sant,https://res.cloudinary.com/dh90u2k3l/image/upload/v1765881818/Gemini_Generated_Image_mg0becmg0becmg0b_yulqlv.png,biography,,श्री हित हरिवंश महाप्रभु,Shri Hit Harivansh Mahaprabhu,Shri Hit Harivansh Mahaprabhu,राधा वल्लभ संप्रदाय के संस्थापक।,Founder of Radha Vallabh Sampraday.,Radha Vallabh Sampraday ke founder.,"{{VERSE:राधा चरन प्रधान हृदय अति सुदृढ़ उपासी । कुंज केलि दंपती तहाँ की करत खवासी ॥ सर्बसु महाप्रसाद प्रसिध ताके अधिकारी। बिधि निषेध नहिं दास अननि उतकट ब्रत धारी ॥ ब्यास सुवन पथ अनुसरै सोइ भलें पहिचानिहै। (श्री) हरिबंस गुसाईं भजन की रीति सकृत कोउ जानिहै ॥}}

गोस्वामी हितहरिवंश राधावल्लभ सम्प्रदाय के प्रवर्तक और माधुर्य भक्ति धारा के प्रमुख स्तंभों में से एक हैं। उनकी रचनाएँ न केवल ब्रजभाषा साहित्य की अमूल्य निधि हैं, बल्कि श्री राधा-कृष्ण के अनन्य प्रेम और नित्य विहार के सिद्धांत को भी स्थापित करती हैं। उनकी भक्ति-भावना में श्री राधा का सर्वोच्च स्थान है, जो उनकी कृतियों के केंद्र में है।

प्रमुख रचनाएँ और उनका साहित्यिक महत्त्व गोस्वामी हितहरिवंश की काव्य साधना तीन प्रमुख रचनाओं में मुखर हुई है:

राधासुधानिधि: यह संस्कृत भाषा में रचित एक महत्वपूर्ण कृति है, जो पूर्णतः श्री राधा की प्रशस्ति (प्रशंसा) को समर्पित है।

स्फुट पदावली: यह ब्रजभाषा में रचित है, जिसमें सिद्धान्तपरक दोहों के अतिरिक्त राधा-कृष्ण की ब्रज-लीलाओं का मनोहारी वर्णन किया गया है।

हित चौरासी: यह उनकी सबसे प्रसिद्ध और सम्प्रदाय के लिए आधारभूत रचना है। यह मधुर-लीला-परक चौरासी स्फुट पदों का संग्रह है। इस ग्रन्थ को राधावल्लभ सम्प्रदाय का मेरुदण्ड माना जाता है।

{{NOTE:माधुर्य भक्ति का सिद्धांत और आराध्य स्वरूप: गोस्वामी हितहरिवंश की भक्ति-पद्धति माधुर्य भाव पर आधारित है, जहाँ आराध्या श्री राधा हैं। उनके सिद्धांत के अनुसार, आनन्द-स्वरूपा श्री राधा ही मूलतः आराध्या हैं। उपासना में राधा और उनके वल्लभ श्रीकृष्ण दोनों ही ध्येय हैं।}}

उनके सिद्धांत के दोहों में नाम-जप का स्पष्ट निर्देश मिलता है: ""श्रीराधा-वल्लभ नाम को, ह्रदय ध्यान मुख नाम।""

रूप-माधुर्य का वर्णन हितहरिवंश ने अपने पदों में श्री राधा और श्रीकृष्ण दोनों के अलौकिक सौंदर्य का अत्यंत सजीव चित्रण किया है। श्री राधा का रूप-वर्णन उनके पद 'आवत श्री बृषभानु दुलारी' में चरम पर है, जहाँ वे श्री राधा को रूप राशि, चतुर शिरोमणि और अंग-अंग से सुकुमारी बताते हैं।

राधावल्लभ संप्रदाय की स्थापना अनंत श्री विभूषित श्री हित हरिवंश महाप्रभु द्वारा की गई थी, जिन्हें वंशी अवतार (श्रीकृष्ण की वंशी का अवतार) माना जाता है।

हित हरिवंश का अर्थ और महत्त्व श्री हित हरिवंश महाप्रभु का अवतार प्रिया-प्रियतम की सहचरी (सखी) भाव प्रदान करने और बरसाने के लिए हुआ है।

हित (Hit): यह ""शुद्ध प्रेम"" का प्रतीक है।

हरिवंश (Harivansh): यह नाम वृंदावन के शाश्वत अमृत का प्रतीक है:

(ह): हरि (श्रीकृष्ण)

(र): राधा रानी

(व): वृन्दावन

(श): सहचरी

{{NOTE:हितोपासना का सार: निःस्वार्थ प्रेम (तत्सुख भाव) राधावल्लभ संप्रदाय के भक्ति का सार निःस्वार्थ प्रेम (तत्-सुख भाव) है। स्व-सुख भाव: अपने स्वयं के सुखों और लाभों पर ध्यान केंद्रित करना। तत्-सुख भाव: प्रत्येक प्रयास या कर्म का उद्देश्य श्री लाडलीलाल (प्रिया-प्रियतम) को आनंद, सुख और तृप्ति प्रदान करना है।}}

सहचरी भाव: सेवा का सर्वोच्च आदर्श श्री हित सजनी जू (श्री हित हरिवंश महाप्रभु का स्वरूप) ने सहचरी भाव को प्रकाशित किया। सहचरी, प्रिया-प्रियतम के सबसे करीबी सहयोगी हैं, जिनका जीवन श्री प्रियाजू (राधा) के चरण कमल में समर्पित होता है।

सहचरी भाव के लक्षण:

1. तत् सुख भाव: सहचरी निस्वार्थ भाव से श्री श्यामाश्याम की सेवा में लीन रहती है।

2. मन-मन की रुचि जानी: सहचरी में श्री प्रिया-प्रियतम के मन की इच्छाओं को जानने की विशिष्ट क्षमता होती है।

3. अष्टयाम सेवा: मंगला (प्रातःकाल) से शयन (रात्रि विश्राम) तक, सहचरी अत्यंत उत्साह और प्रेम के साथ सेवा करती है।

4.प्रिया लाल की इच्छा शक्ति: सहचरी को श्री प्रिया-प्रियतम की इच्छा शक्ति का अवतार माना जाता है।

वृंदावन की आठ प्रमुख सहचरियाँ ललिता, विशाखा, चित्रा, चंपाकलता, तुंगविद्या, इंदुलेखा, रंगादेवी और सुदेवी हैं। इन्हें 'अष्ट सखी' या 'परम प्रेष्ट सखी' के नाम से भी जाना जाता है।

{{IMG:https://res.cloudinary.com/dh90u2k3l/image/upload/v1765715698/Screenshot_2025-10-01_235549_xfvgde.png| |Center}}","{{VERSE:raadha charan pradhaan hrday, ati prabal upaasak. kunj keli yugal vahaan rahate. sarabasu mahaaprasaad naamee adhikaaree. vidhi mein nishedh nahin, daas sada tej paalanakarta. suvan path par chalakar byaas sota. (shree) haribans gusaeen bhajan gaane kee reet kaun jaanata hai?}}

Goswami Hitharivansh is the originator of Radhavallabh sect and one of the main pillars of Madhurya Bhakti stream. His works are not only a priceless treasure of Braj Bhasha literature but also establish the principle of the exclusive love and eternal abode of Shri Radha and Krishna. Shri Radha holds the highest place in his devotional sentiments, and is at the center of his works.

Major Works and Their Literary Significance Goswami Hitharivansh's poetic practice is expressed in three major works:

Radhasudhanidhi: This is an important work written in Sanskrit, entirely dedicated to the praise of Shri Radha.

Sphuta Padavali: This is written in Braj Bhasha, which, in addition to doctrinal couplets, captivatingly describes the Braj pastimes of Radha and Krishna.

Hita Chaurasi: This is his most famous and foundational work for the sect. It is a collection of eighty-four sphuta verses dedicated to the sweet pastimes. This text is considered the backbone of the Radhavallabh sect.

{{NOTE: The principle of Madhurya Bhakti and the form of the worshipped: Goswami Hitharivansh's devotional system is based on the feeling of Madhurya, where the worshipped deity is Shri Radha. According to his principle, Shri Radha, the embodiment of bliss, is the primary worshipped deity. In worship, both Radha and her beloved Shri Krishna are the object of worship.}}

The couplets of his principle clearly instruct on chanting the name: ""Meditation in the heart and mouth on the name of Shri Radha-Vallabh.""

His description of the sweetness of form: Hitharivansh has given a very vivid depiction of the supernatural beauty of both Shri Radha and Shri Krishna in his poems. The description of Shri Radha's form reaches its peak in his poem ""Aavat Shri Brishabhanu Dulari,"" where he describes Shri Radha as a treasure of beauty, the jewel of all cleverness, and delicate in every part of her body.

The Radhavallabh sect was founded by the eternal Sri Vibhushit Sri Hit Harivansh Mahaprabhu, who is considered to be the Vanshi avatar (incarnation of Sri Krishna's flute).

Meaning and Significance of Hit Harivansh The incarnation of Sri Hit Harivansh Mahaprabhu was to bestow and bestow the feeling of a companion (sakhi) between the beloved and the beloved.

Hit: It symbolizes ""pure love.""

Harivansh: This name symbolizes the eternal nectar of Vrindavan:

(H): Hari (Shri Krishna)

(R): Radha Rani

(V): Vrindavan

(Sh): Companion

{{NOTE: The essence of Hit worship: Selfless love (Tatsukh Bhaav). The essence of devotion of the Radhavallabh sect is selfless love (Tatsukh Bhaav). Swa-Sukh Bhaav: Focusing on one's own pleasures and benefits. Tat-Sukh Bhaav: The purpose of every effort or action is to provide joy, happiness, and fulfillment to Shri Ladli Lal (Priya-Priyatam).}}

Sahchari Bhaav: The highest ideal of service was revealed by Shri Hit Sajani Ju (a form of Shri Hit Harivansh Mahaprabhu). Sahacharis are the closest associates of the Priya-Priyatam, whose lives are dedicated to the lotus feet of Shri Priyaju (Radha).

Characteristics of Sahachari Bhaav:

1. Tat Sukh Bhaav: The Sahachari is selflessly immersed in the service of Shri Shyam Shyam.

2. Knowing the Desires of the Mind: The Sahachari has the unique ability to understand the desires of the Priya-Priyatam.

3. Ashtayam Seva: From Mangala (morning) to Shayan (night rest), the Sahachari serves with utmost enthusiasm and love.

4. Willpower of Priya Lal: Sahachari is considered to be the incarnation of the willpower of Shri Priya-Priyatam.

The eight main consorts of Vrindavan are Lalita, Vishakha, Chitra, Champakalata, Tungavidya, Indulekha, Rangadevi and Sudevi. She is also known as 'Ashta Sakhi' or 'Param Preshta Sakhi'.

{{IMG:https://res.cloudinary.com/dh90u2k3l/image/upload/v1765715698
/Screenshot_2025-10-01_235549_xfvgde.png| |Center}}","{{VERSE:raadha charan pradhaan hrday, ati prabal upaasak. kunj keli yugal vahaan rahate. sarabasu mahaaprasaad naamee adhikaaree. vidhi mein nishedh nahin, daas sada tej paalanakarta. suvan path par chalakar byaas sota. (shree) haribans gusaeen bhajan gaane kee reet kaun jaanata hai?}}
Gosvaamee hitaharivansh raadhaavallabh sampradaay ke pravartak aur maadhury bhakti dhaara ke pramukh stambhon mein se ek hain. unakee rachanaen na keval brajabhaasha saahity ka amooly khajaana hain, balki shree raadha aur krshn ke anany prem aur shaashvat nivaas ke siddhaant ko bhee sthaapit karatee hain. shree raadha unakee bhakti bhaavanaon mein sabase ooncha sthaan rakhatee hain, aur unakee rachanaon ke kendr mein hain.

mukhy rachanaen aur unaka saahityik mahatv gosvaamee hitaharivansh kee kaavy saadhana teen mukhy rachanaon mein vyakt hotee hai:

raadhaasudhaanidhi: yah sanskrt mein likhee gaee ek mahatvapoorn rachana hai, jo pooree tarah se shree raadha kee prashansa ke lie samarpit hai.

sphut padaavalee: yah braj bhaasha mein likhee gaee hai, jisamen saiddhaantik dohon ke alaava, raadha aur krshn kee braj leelaon ka dilachasp varnan kiya gaya hai.

hit chauraasee: yah sampradaay ke lie unakee sabase prasiddh aur buniyaadee rachana hai. yah meethee leelaon ko samarpit chauraasee sphut chhandon ka sangrah hai. is granth ko raadhaavallabh sampradaay kee reedh maana jaata hai.

{{NOTE: maadhury bhakti ka siddhaant aur poojy ka roop: gosvaamee hitaharivansh kee bhakti pranaalee maadhury kee bhaavana par aadhaarit hai, jahaan poojee jaane vaalee devee shree raadha hain. unake siddhaant ke anusaar, aanand kee pratimoorti shree raadha hee mukhy poojee jaane vaalee devee hain. pooja mein, raadha aur unake priy shree krshn donon hee pooja ke paatr hain.}}

unake siddhaant ke dohe naam japane ke baare mein saaf-saaf bataate hain: ""dil aur munh mein shree raadha-vallabh ke naam ka dhyaan.""

roop kee mithaas ka unaka varnan: hitaharivansh ne apanee kavitaon mein shree raadha aur shree krshn donon kee alaukik sundarata ka bahut hee sajeev chitran kiya hai. shree raadha ke roop ka varnan unakee kavita ""aavat shree brshabhaanu dulaaree"" mein apane charam par pahunchata hai, jahaan ve shree raadha ko sundarata ka khazaana, sabhee chaturaee ka ratn aur apane shareer ke har hisse mein naajuk bataate hain.

raadhaavallabh sampradaay kee sthaapana shaashvat shree vibhooshit shree hit harivansh mahaaprabhu ne kee thee, jinhen vanshee avataar (shree krshn kee baansuree ka avataar) maana jaata hai.

hit harivansh ka matalab aur mahatv shree hit harivansh mahaaprabhu ka avataar premee aur premika ke beech ek saathee (sakhee) ka ehasaas dene aur dene ke lie hua tha.

hit: yah ""shuddh prem"" ka prateek hai.

harivansh: yah naam vrndaavan ke shaashvat amrt ka prateek hai:

(h): hari (shree krshn)

(r): raadha raanee

(v): vrndaavan

(sh): sehchari

{{NOTE: hit pooja ka saar: nisvaarth prem (tatsukh bhaav). raadhaavallabh sampradaay kee bhakti ka saar nisvaarth prem (tatsukh bhaav) hai. sv-sukh bhaav: apane sukhon aur phaayadon par dhyaan dena. tat-sukh bhaav: har koshish ya kaam ka makasad shree laadalee laal (priy-priyatam) ko khushee, aanand aur santushti dena hai.}}

sahacharee bhaav: seva ka sabase ooncha aadarsh shree hit sajanee joo (shree hit harivansh mahaaprabhu ka ek roop) ne dikhaaya tha. sahacharee priya-priyatam ke sabase kareebee saathee hote hain, jinaka jeevan shree priyaajoo (raadha) ke charanon mein samarpit hota hai.

sahacharee bhaav kee khaasiyaten:

1. tat sukh bhaav: sahacharee nisvaarth bhaav se shree shyaamaashyaam kee seva mein dooba rahata hai.

2. man kee ichchhaon ko jaanana: sahacharee mein priya-priyatam kee ichchhaon ko samajhane kee anokhee kaabiliyat hotee hai.

3. ashtayaam seva: mangala (subah) se lekar shayan (raat ka aaraam) tak, sahacharee poore josh aur pyaar se seva karata hai.

4. priy laal kee vilapaavar: saathiyon ko shree priya aur priyatam kee vilapaavar ka roop maana jaata hai.

vrndaavan kee aath mukhy sakhiyaan lalita, vishaakha, chitra, champakalata, tungavidya, indulekha, rangadevee aur sudevee hain. inhen ""asht sakhiyaan"" ya ""param pratishthit sakhiyaan"" bhee kaha jaata hai.
{{IMG:https://res.cloudinary.com/dh90u2k3l/image/upload/v1765715698/Screenshot_2025-10-01_235549_xfvgde.png| |Center}}",biography,जीवनी
bhori-sakhi,pad-gayan,https://res.cloudinary.com/dh90u2k3l/image/upload/v1765882633/Gemini_Generated_Image_51ixqe51ixqe51ix_jfq31q.png,audio,/audio/local-audios/Rasik-sang-binu-prem-na-hoyi-bhori-sakhi-pad.mp3,भोरी सखी,Bhori Sakhi,Bhori Sakhi,"रसिक संग बिनु प्रेम न होई़ - श्री भोरी सखी, प्रेम की पीर (162)","rasik sang binu prem na hoi - shree bhoree sakhee, prem ke peer (162)","rasik sang binu prem na hoi - shree bhoree sakhee, prem kee peer (162)","रसिक संग बिनु प्रेम न होई।
बिनु पद प्रेम भये अलबेली, भव सौं छुटत न कोई॥ [1]

कीजै कृपा कृपालु किशोरी, रसिक संग जो पावौं।
जासौं उपजै भाव हिये में, चरण कमल चित लावौं॥ [2]

निशि-वासर करि तिनकी सेवा, तन की तपन मिटैये।
तन मन जीवन वारिय ‘भोरी’, आँखिन माँहि बसैये॥ [3]

- श्री भोरी सखी, प्रेम की पीर (162)
","rasik sang binu prem na hoee.
binu pad prem bhaye alabelee,
bhav saun chhutat na koee.  [1]

keejai krpa krpaalu kishoree,
rasik sang jo paavaun.
jaasaun upajai bhaav hiye mein,
charan kamal chit laavaun.  [2]

nishi-vaasar kari tinakee seva,
tan kee tapan mitaiye.
tan man jeevan vaariy 'bhoree',
aankhin maanhi basaiye.  [3]

— shree bhoree sakhee, prem kee peer (162)
","rasik sang binu prem na hoee.
binu pad prem bhaye alabelee,
bhav saun chhutat na koee.  [1]

keejai krpa krpaalu kishoree,
rasik sang jo paavaun.
jaasaun upajai bhaav hiye mein,
charan kamal chit laavaun.  [2]

nishi-vaasar kari tinakee seva,
tan kee tapan mitaiye.
tan man jeevan vaariy 'bhoree',
aankhin maanhi basaiye.  [3]

— shree bhoree sakhee, prem kee peer (162)
",bhori-sakhi,भोरी सखी
shree_hit_chaturasi_pad_1,pad-gayan,https://res.cloudinary.com/dh90u2k3l/image/upload/v1765881544/Gemini_Generated_Image_mgstlxmgstlxmgst_xq9pms.png,audio,https://res.cloudinary.com/dsi8rmtfp/video/upload/v1765821406/video_to_mp3_1215_2317_ud6gdb.mp3,श्री हित चौरासी जी पद १,Shree Hit Chaturasi ji Pad 1,Shri hit chaturasi ji Pad 1,श्री हित चतुरासी जी का पहला पद जिसमें प्रिया जू ठाकुर जी के लिए भाव कह रही है,Shri hit chaturasi ji pad number 1 written by shri hit harivansh mahaprabhu ji,Shri hit chaturasi ji pad number 1 jisme priya ju apne bhav keh rahi hai Thakur ji ke prati,"जोई-जोई प्यारौ करै सोई मोहि भावै, भावै मोहि जोई सोई-सोई करें प्यारे । 
मोकों तौ भावती ठौर प्यारे के नैंनन में, प्यारौ भयौ चाहै मेरे नैंनन के तारे ॥
मेरे तन मन प्राण हूँ ते प्रीतम प्रिय, अपने कोटिक प्राण प्रीतम मोसों हारे । 
(जै श्री) हित हरिवंश हंस-हंसिनी साँवल-गौर, कहौ कौन करै जल-तरंगनि न्यारे ॥","joee-joee pyaarau karai soee mohi bhaavai, bhaavai mohi joee soee-soee karain pyaare
mokon tau bhaavatee thaur pyaare ke nainnan mein, pyaarau bhayau chaahai mere nainnan ke taare mere tan man praan hoon te preetam priy, apane kotik praan preetam moson haare (jai shree) hit harivansh hans-hansinee saanval-gaur, kahau kaun karai jal-tarangani nyaare","joee-joee pyaarau karai soee mohi bhaavai, bhaavai mohi joee soee-soee karain pyaare
mokon tau bhaavatee thaur pyaare ke nainnan mein, pyaarau bhayau chaahai mere nainnan ke taare mere tan man praan hoon te preetam priy, apane kotik praan preetam moson haare (jai shree) hit harivansh hans-hansinee saanval-gaur, kahau kaun karai jal-tarangani nyaare",Shri-hit-Chaturasi-ji,श्री हित चौरासी जी पद १
Shree_hit_bhori_sakhi,rasik-sant,https://res.cloudinary.com/dh90u2k3l/image/upload/v1765882633/Gemini_Generated_Image_51ixqe51ixqe51ix_jfq31q.png,biography,,श्री हित भोरी सखी,Shri hit bhori sakhi,Shri hit bhori sakhi,श्री हित भोरी सखी जी का जीवन परिचय,Shri hit bhori sakhi Biography,Shri hit bhori sakhi ji ka jivan parichay,"भोरी सखी, जिनका वृंदावन आने से पहले नाम भोलानाथ जी था, उनका जन्म 1890 में भेलसा (मध्य प्रदेश, भोपाल के पास) में हुआ था। वह आधुनिक समय के एक महान वाणीकार (भक्त कवि) थे, जो जन्म से ही भक्त और कवि थे। उनके पिता का नाम छेदीलाल था, जो सक्सेना कायस्थ थे।

बचपन से ही भोलानाथ जी को ईश्वर-प्राप्ति की धुन थी। इसी धुन में वह योग्य गुरु की खोज में घर से निकल पड़े। दो सप्ताह बाद वह नरसिंहपुर जिले के एक जंगल में मिले। उनके बड़े भाई, बैजनाथ जी, जो उस समय कोलारस (शिवपुरी जिला) में नाजिर थे, उन्हें घर वापस ले आए।
ब्रज भाषा: भोरी सखी जू, जाँको ब्रज मैं आवन ते पैले नाम भोलानाथ जू हतो, उनको जनम भेलसा (भोपाल के नैकट, मद्ध परदेस) मैं 1890 कौ भयो। ये अचरज भरे वाँणीकार (भक्त-कवि) भये, जो जनम सौंई भक्त अरु कबीले। इनके बाबै कौ नाम छेदीलाल हतो, जो सक्सेना कायस्थ हते।
बालपने (बचपन) तेई भोलानाथ जू को भगवान् की प्राप्ति की धुन लागि गयी। ताके लायक गुरु कूँ ढूँढ़िबे कूँ ये घर ते निकरि गये। पंद्रह दिन (दो सप्ताह) पीछे ये नरसिंहपुर जिले के बन (जंगल) मैं मिले। तब इनके बड़े भाई बैजनाथ जू, जो कोलारस मैं नाजिर हते, येन कूँ घर लै आये।

 दीक्षा, शिक्षा और विवाह (दीक्षा, बिद्या अरु ब्याह)
सरल हिंदी: कोलारस में ही एक श्रीकृष्ण मंदिर था। उनके भाई बैजनाथ जी ने मंदिर के सेवाधिकारी पं. गोपाल जी से भोलानाथ जी को राधावल्लभ-संप्रदाय में दीक्षा दिलवा दी।
यद्यपि भोलानाथ जी को गृहस्थ जीवन में कोई रुचि नहीं थी, पर गुरु की आज्ञा मानकर उन्होंने वैवाहिक जीवन स्वीकार कर लिया। जब वे बी.ए. के विद्यार्थी थे, तब उन्होंने अखिल भारतीय रामायण-प्रतियोगिता में मर्यादापुरुषोत्तम राम पर एक लेख लिखकर प्रथम पुरस्कार जीता, जिससे उनकी ख्याति एक प्रतिभाशाली गृहस्थ के रूप में बढ़ गई।
ब्रज भाषा: कोलारस मैंई एक श्रीकृष्ण कौ मँदिर हतो। इनके भाई बैजनाथ जू ने मँदिर के सेवा अधिकारी पं. गोपाल जू सौं, भोलानाथ जू कूँ राधावल्लभ-संप्रदाय की दीक्षा दिबायी।
भोलानाथ जू कूँ तो घर-बार (गृहस्थी) मैं चित्त नाँय हतो, पै गुरुदेव की आग्या मानिकै ब्याह (विवाह) कियो। जब ये बी.ए. मैं पढ़ते हते, तब इनने अखिल भारतीय रामायण-प्रतियोगिता मैं श्री राम जी पै लेख लिखिकै पैलो (प्रथम) इनाम पायो, जा सौं इनकी ख्याति बहुतै बढ़ि गयी।

 छतरपुर मैं नियुक्ति और वृंदावन आगमन (छतरपुर कौ कारज अरु ब्रज मैं वास)
सरल हिंदी: छतरपुर के राजा विश्वनाथ सिंह ने भोलानाथ जी के धार्मिक ज्ञान से प्रभावित होकर उन्हें धार्मिक परामर्शदाता नियुक्त किया। यहाँ उन्हें राजा के निजी ग्रंथालय में राधावल्लभीय वाणियों के गहन अध्ययन का अवसर मिला। कुछ समय बाद उन्होंने नौकरी छोड़ दी और भेलसा चले गए, जहाँ उन्होंने वकालत शुरू की।
भेलसा और कोलारस में वकालत करने के बाद भी उनका मन नहीं लगा। उनका मन वृंदावन के प्रेम-रस धाम में बसने, कदम्ब की छाया में जुगल नाम जपने, ब्रजवासियों का जूठन खाने और रसिकों की मधुर पदावलियाँ सुनने के लिए अत्यंत लालायित था।
इन्हीं दिनों उनकी पत्नी और पुत्र का देहांत हो गया, और कुछ समय बाद पिताजी भी चल बसे। गृहस्थी के बंधन से मुक्त होकर, वह वृंदावन चले आए और शेष जीवन वहीं साधना की।
ब्रज भाषा: छतरपुर के राजा बिस्वनाथ सिंह जू ने इनके धरम ज्ञान सौं रीझिकै (प्रसन्न होकर) धरम-सलाहकार बनाय लये। उहाँ इनकूँ राजा कौ ग्रंथालय मिल गयो, जामैं इनने राधाबल्लभीय वाँणी खूब मन दै कै पढ़ीं। कछू द्यौं (दिन) पाछे ये नौकरी छाँड़ि कै भेलसा गये, उहाँ वकील बने।
भेलसा अरु कोलारस मैं कारज (वकालत) कियो, पै मन नाँय ठहरो। इनको चित्त तौ बस वृंदावन के प्रेम-धाम मैं रहिबे कूँ, कदम्बन की छाँह मैं जुगल नाम रटिबे कूँ, ब्रजबासिन कौ महाप्रसाद (जूठन) खाइबे कूँ अरु रस भरे पद-कीर्तन सुनिबे कूँ अतीसय ललचाय रह्यो हतो।
पद्य (Pad):
दीजै मोहि वास ब्रज माहीं। जुगल नाम कौ भजन निरन्तर, और कदम्बन छाहीं ॥
येई द्यौं इनके पुत्तर (पुत्र) अरु धर्म-पत्नी को बैकुंठ-बास भयो, फेरि थोड़े द्यौं पाछे बाबै (पिताजी) हू चलि बसे। घर-गृहस्थी ते छूटिकै, ये वृंदावन पधारे अरु सारी उमर उहाँई भजन कियो।

 भोरी सखी की दीक्षा और सेवा (भोरी सखी की दीक्षा अरु सेवा)
सरल हिंदी: वृंदावन आकर भोलानाथ जी ने श्रीराधावल्लभ जी मंदिर के सेवाधिकारी श्रीहित गोवर्धनलाल जी महाराज से राधा-चरण-प्रधान नित्य-विहार-प्राण उपासना का मंत्र लिया और अनन्यता के साथ भजन में लीन हो गए। इस दीक्षा के बाद ही वह 'भोरी सखी' के नाम से विख्यात हुए, जैसा कि श्रीहित किशोरीशरण 'अति' जी ने कहा है।
भोलानाथ जी (भोरी सखी) को सेवाकुंज से विशेष प्रेम था। वह प्रतिदिन प्रातःकाल सेवाकुंज और वृंदावन की गलियों में झाड़ू लगाने की सेवा (सोहनी-सेवा) अत्यंत प्रेम से करते थे।
ब्रज भाषा: ब्रज (वृंदावन) मैं आयिकै भोलानाथ जू ने श्रीराधाबल्लभ जी के मँदिर के सेवाधिकारी श्रीहित गोवर्धनलाल जू महाराज ते राधा-चरन-प्रधान (श्री राधा जी के चरनन कूँ मुख्य मानिबे बारी) उपासना कौ मंत्र लियौ अरु भजन मैं ऐसे लीन भये के सब कछू भूलि गये। येई समै ते ये 'भोरी सखी' के नाम सौं जानै गये।
दोहा (Doha):
अब भोरी सखि होइ के, रहत सखिन के साथ जू। परम रसिक इहि काल में, भये श्रीभोलानाथ जू॥
भोरी सखी जू को सेवाकुंज सौं घनो (बहुत) प्यार हतो। ये हर भोर (सुबह) सेवाकुंज अरु ब्रज की कुंजन मैं झाड़ू (सोहनी) लगाइबे कौ कारज घने प्रेम सौं करत हते।

 वृंदावन की रज से प्रेम (वृंदावन की रज सौं नेह)
सरल हिंदी: भोरी सखी के लिए वृंदावन की धूल (रज) उनके प्राणों के समान प्रिय थी, क्योंकि वह धूल स्वयं श्री कृष्ण के भी प्राणों के समान है।
ब्रज भाषा: भोरी सखी जू के लियें ब्रज की धूरि (रज), जो साक्षात् श्री कृष्ण के हू प्रान है, सो साधारण नाँय, पै उनके प्रानन की प्यारी है।
दोहा (Doha):
कण-कण में जा रेणु के, बसत लाल के प्रान। हाय सोहनी ताहि याँ, साधारण मत मान।। — श्री भोरी सखी, प्रेम की पीर (435.6)



श्रीहित भोरीसखी जी कौ चरित - शेष भाग
 श्री राधा जी का स्वप्न में सेवा का आदेश (श्री राधा जू कौ सपन मैं सेवा कौ हुकुम)
सरल हिंदी: भोलानाथ जी की मनःस्थिति ऐसी थी कि वह जीविकोपार्जन के लिए न किसी से मांग सकते थे और न ही कुछ कर सकते थे। जो करुणावान श्री राधारानी की शरण में हो, उसे मांगने की आवश्यकता ही क्या! उन्होंने एक अनोखी युक्ति निकाली: सेवाकुंज में यात्री जो चने डाल जाते थे, उनमें से अच्छे चने वे खा लेते थे, और जो ठुड्डी (कठोर अवशेष) बचती थी, उसी से अपनी भूख मिटाते थे।
परंतु स्वामिनी जी (राधारानी) को यह कैसे सहन होता कि उनका प्यारा भक्त ठुड्डी खाए! उन्होंने राधावल्लभ मंदिर के सेवायत को स्वप्न में आदेश दिया कि, ""भोरी सखी सेवाकुंज में चनों की ठुड्डी खाकर रह रही है, उसे मेरा प्रसाद प्रतिदिन लेजाकर दिया करो।"" इस तरह स्वामिनी जी की कृपा से भोरी सखी के लिए उत्तम प्रसादी भोजन की व्यवस्था हो गई।
लेकिन भोरी सखी तो राधारानी की इतनी सी कृपा से बहकने वाली नहीं थी। वे प्रसाद की थाल से केवल दो रोटी रखकर शेष पूरा प्रसाद यमुना जी में अर्पित कर देते थे। इतना ही नहीं, वे श्री राधारानी को उलाहना देने लगे कि, ""तुम्हारी इस छोटी सी कृपा से मेरा क्या होगा? तुमने कभी यह भी नहीं पूछा कि मैं चाहती क्या हूँ?"" (वे तो श्री राधा के साक्षात् दर्शन के लिए व्याकुल थे)।
ब्रज भाषा: भोलानाथ जू को चित्त ऐसो हतो के ये आपनी जीविका के लियें नाँय तौ कछू कमाय सकैं अरु नाँयई काहू सौं माँँग सकैं। जो करुणामई श्री राधारानी की सरन ह्वै, वाँकूँ माँँगिबे की का जरूत! इनने एक युक्ति कारी: सेवाकुंज मैं जात्री जो चना डालि जात हते, वाँमैं सौं अच्छे चना तौ ये खाँय लियें, अरु जो ठुड्डी (चबाए चनन कौ कूरा) बचती, वाँई सौं भूख मिँटाय लैत हते।
पै स्वामिनी जू (श्री राधा) कूँ ये कैसे सहोय सकै के उनको लाडलो भक्त ठुड्डी खाय? इनने राधाबल्लभ मँदिर के सेवायत कूँ सपन मैं हुकुम दियौ के, ""भोरी सखी सेवाकुंज मैं चनन की ठुड्डी खाय रही है, वाँकूँ मेरौ परसाद रोज दे आयौ करौ।"" स्वामिनी जू की किरपा सौं, भोरी सखी कूँ रोज उत्तम प्रसादी भोजन मिलन लगौ।
पै भोरी सखी जू श्री राधा की इत्ती सी किरपा सौं बहकन वारे नाँय हते। ये परसाद की थाल मैं सौं बस दोई रोटी राखिकै, सब परसाद यमुना जू मैं अरपन करि देत हते। अरु ऊलटो उलाहनौ (शिकायत) देन लगे:
पद (Pad - उलाहनो):
तुमने आज लौं बात न पूछी, को द्वारे चिल्लात न पूछी। जीवन बीत्यौ गोद पसारे, कहा लोभ ललचात न पूछी ॥ भोरी दीन दुखी आरत सौं, विहंसि हृदयकी बात न पूछी ॥
भोलानाथ जू कहैं: ""मैने तौ अपनी ओर ते सब नाते तुमई सौं मानि लये, पै मोकूँ सन्देह है के तुम हू मोकूँ अपनी चेरी (दासी) मानौ हो? जौं तुम मानती, तौ मेरी सुध जरूर लेती, अरु पूछती के भोरी आखिर तू चाहती का है?""

 श्रीभोलानाथ जी का नाम-प्रेम (श्रीभोलानाथ जू कौ नाम-प्रेम)
सरल हिंदी: श्रीभोलानाथ जी की हित-स्वरूप हरिवंश नाम के स्मरण में गहरी निष्ठा थी। उनका मानना था कि जब तक श्वासों की माला के प्रत्येक मनके (श्वास) के साथ 'हरिवंश नाम' का उच्चारण नहीं होता, तब तक नामी (श्री राधा-कृष्ण) के निज स्वरूप और उनके नित्य-विहार का दर्शन असंभव है।
ब्रज भाषा: श्रीभोलानाथ जू की हित-स्वरूप हरिवंश नाम कूँ सुमरन करन मैं बहुतै आस्था हती। इनको माननौ हतो के जब ताईं साँसन की माला के हर दाने (मनके) मैं 'हरिवंश नाम' कौ उच्चारन नाँय होय, तब ताईं नामी (जुगल किसोर) के निज-सरूप अरु उनके नित्य-विहार के दरसन नाँय मिलि सकैं।
पद (Pad - नाम-स्मरण):
नाम-स्वाँस दोउ विलग चलत हैं, इनको भेद न मोकौं भावै ॥ स्वाँसहि नाम नाम ही स्वाँसा, नाम स्वाँस कौ भेद मिटावै। तब निज रूप नाम को प्रगटै, तन में श्री वन सहज दिखावै॥

 श्री श्यामा श्याम के दर्शनों की लालसा (श्री श्यामा श्याम के दरसन की लालसा)
सरल हिंदी: भोरी सखी नित्य ही श्री श्यामा श्याम से उनसे मिलने की प्रार्थना करती थीं:
""श्री राधावल्लभ रंग भरे लाल, कब मुझे कृपा कर देखोगे, अपने चरणों की शरण में पालन करोगे?""
""कोमल चित्त वाले मन मोहन, कब मेरी सुध लोगे?""
""हे हित हरिवंश किशोर कृपानिधि, स्वप्न में ही दर्शन दे दो।""
ब्रज भाषा: भोरी सखी जू रोज ही श्री श्यामा श्याम ते मिलिबे की अरज (प्रार्थना) करती हतीं:
""श्री राधाबल्लभ रंग भरे लाल। कबहूँ मोहि कृपा कर हेरी, चरण शरण प्रतिपाल ॥""
""कोमल चित मन मोहन, कब मेरी सुरति करैहो।""
""हित हरिवंश किसोर क्रपानिधि, सपनें दरस दिखावौ।""

 श्री राधा के प्रति अनन्य प्रेम (श्री राधा जू सौं अनन्य नेह)
सरल हिंदी: श्री राधा के प्रति उनका प्रेम स्वाभाविक था। वे कभी उनसे विनती करते थे, तो कभी प्रेम भरा उलाहना देते थे, जैसे:
""पतित पावनी प्यारी हमारी।""
""सर्वोपरि म्हारी महारानी।""
""करुणाधाम कृपालु किशोरी।""

श्री वृन्दावन वास की उत्कट अभिलाषा (श्री वृन्दावन वास की घनी चाह)
सरल हिंदी: भोरी सखी श्री वृन्दावन वास की उत्कट इच्छा में कहते थे कि कब मुझे श्री वृन्दावन का वास प्राप्त होगा, जहाँ नित्य श्री श्यामा श्याम एक-दूसरे के गले में हाथ डाले विहार करते हैं?
ब्रज भाषा: भोरी सखी जू श्री वृन्दावन मैं रहिबे की घनी चाह मैं कहत हते के कब मोकूँ ब्रज कौ वास मिलिहै?
""कब बसिही ब्रज बीथीन माहीं। जहँ नित डोलत जुगत लाडिले, दिये विमल गलबाहीं।""
""दीजी मोहि वास ब्रज माहीं।""

ग्रन्थ रचना एवं तिरोभाव (ग्रन्थ रचन अरु छबि छिपाय लैनी)
सरल हिंदी: श्री भोलानाथ जी के कुल 600 पद प्राप्त होते हैं, जो ""प्रेम की पीर"" नामक ग्रन्थ में संकलित हैं। वृंदावन आने से पूर्व ही उन्होंने पद रचनाएं शुरू कर दी थीं और अपनी रचनाओं में 'भोरी', 'हित भोरी' छाप का प्रयोग किया। इससे यह प्रतीत होता है कि उन्होंने पद रचना शुरू करने से पहले ही राधा-किंकरी भाव (श्री राधा की दासी का भाव) को अपनाकर अपना नाम 'श्रीहित भोरीसखी जी' रख लिया था।
वृंदावन आने से पहले के पदों में उन्होंने स्वयं को पतित, कामी आदि बताते हुए श्री राधा से उद्धार की प्रार्थना की है, जिनमें प्रेम की पीड़ा और व्याकुलता झलकती है। वहीं, वृंदावन आने के बाद के पदों में उन्होंने श्रीहित हरिवंशचंद्र जी को हितावतार घोषित किया है, ये पद शांत और प्रौढ़ भाव वाले हैं।
इन्होंने पद साहित्य के साथ-साथ ब्रह्मसूत्र पर हिंदी में भाष्य और राधावल्लभीय प्राचीन रसिकों के अनेक ग्रंथों की टीकाएँ भी लिखीं।
ब्रज भाषा: श्री भोलानाथ जू के सब मिलाय कै 600 पद मिलैं, जो ""प्रेम की पीर"" नाँव के ग्रन्थ मैं इकट्ठे हैं। ब्रज मैं आवन ते पैलेई ये पद रचन लगे हते अरु अपनी रचनान मैं 'भोरी' छाप लगाई। ये ते प्रगट होय के इनने पद रचन सौं पैलेई राधा-किंकरी भाव (दासी को भाव) धारिकै आपनौ नाम 'श्रीहित भोरीसखी जू' राखि लियौ।
वृंदावन आवन ते पैले के पद मैं इनने आपकूँ पापी (पतित) अरु कामी बताय कै श्री राधा सौं उद्धार करन की अरज करी है, जामैं प्रेम की पीड़ साफ झलकै। अरु ब्रज मैं आवन के पाछे के पद शांत अरु प्रौढ़ हते।
इनने पद रचन के संगई ब्रह्मसूत्र पै हिंदी मैं भाष्य अरु पुराने रसिकन की बहुत सी टीकाएँ (व्याख्या) हू लिखीं।

लीला संवरण (छबि छिपाय लैनी)
सरल हिंदी: भोरीसखी जी ने प्रेम की रसमय उपासना पद्धति अपनाकर, इसी जीवन में प्रेम की युगल मूर्ति श्री लाड़िली-लाल के अविचल विहार को प्राप्त कर लिया था। फिर भी, वे नित्य निकुंज में सखी वपु (सखी का शरीर) प्राप्त करके श्री प्रियाजी की सेवा करने के लिए अत्यंत व्याकुल और उत्सुक थे।
श्री प्रियाजी ने उनकी विनम्र प्रार्थना और हार्दिक लालसा को देखते हुए, मात्र 42 वर्ष की अल्पायु में, 1932 की आषाढ़ शुक्ला षष्ठी के दिन, उन्हें अपनी छत्र-छाया में रहने वाले अनंतानंत सखी परिकर में सम्मिलित कर लिया (अर्थात् उनकी नित्य निकुंज लीला में प्रवेश हुआ)।
एक रसिक कवि ने उनके इस प्रेम-विह्वल चरित्र का गुणगान इन शब्दों में किया है:
जाके प्रानन संग, प्रेम की पीड़ा आई। प्रानन ही में रमी, कछुक नैनन में छाई॥ पीड़ा ही में, प्राननाथ के दर्शन पाये। सही सराहि-सराहि कैं, कठिन प्रेम की पीर। बिक जान्यौ बिनु मोल ही, हित भोरी मति धीर ॥
ब्रज भाषा: भोरीसखी जू ने प्रेम-भक्ति की उपासना अपनाय कै, येई जीवन मैं युगल मूरति श्री लाड़िली-लाल के अबिचल बिहार कौ दरसन पाय लियौ हतो। तऊ, ये रोज निकुंज मैं सखी-देहरी (सखी कौ सरूप) पाय कै श्री प्रिया जू की सेवा करन कूँ बहुतई आतुर हते।
श्री प्रिया जू ने इनकी अरज अरु चाह कूँ देखिकै, 42 बरस की थोड़ी उमर मैं, 1932 की आषाढ़ सुक्ला छठ (षष्ठी) के द्यौं, येन कूँ अपनी सखी-परिकर मैं मिलाय लियौ (अर्थात् नित्य-लीला मैं बास दियौ)।

","Bhori Sakhi, whose name before coming to Vrindavan was Bholanath Ji, was born in 1890 in Bhilsa (near Bhopal, Madhya Pradesh). He was a great poet-saint of modern times, a devotee and poet from birth. His father's name was Chedilal, who was a Saxena Kayastha.

From childhood, Bholanath Ji was obsessed with attaining God. In this pursuit, he left home in search of a suitable guru. Two weeks later, he was found in a forest in Narsinghpur district. His elder brother, Baijnath Ji, who was then a Nazir (revenue officer) in Kolaras (Shivpuri district), brought him back home.
Braj Bhasha: Bhori Sakhi Ju, whose name before coming to Braj was Bholanath Ju, was born in 1890 in Bhilsa (near Bhopal, Madhya Pradesh). He was a wondrous poet-saint, a devotee and poet from birth. His father's name was Chedilal, who was a Saxena Kayastha.
From childhood, Bholanath Ju was obsessed with attaining God. In search of a suitable guru, he left home. Fifteen days (two weeks) later, he was found in a forest in Narsinghpur district. Then his elder brother Baijnath Ju, who was a Nazir in Kolaras, brought him home.

Initiation, Education and Marriage
Simple Hindi: There was a Shri Krishna temple in Kolaras. His brother Baijnath Ji arranged for Bholanath Ji to be initiated into the Radhavallabh sect by Pandit Gopal Ji, the temple's priest.
Although Bholanath Ji had no interest in married life, he accepted it on his guru's command. When he was pursuing his B.A. While he was a student, he won first prize in the All India Ramayana Competition for an essay on Maryada Purushottam Rama, which increased his fame as a talented householder.
Braj Bhasha: In Kolaras, there was a temple of Shri Krishna. His brother Baijnath Ji had Pandit Gopal Ji, the temple's service officer, initiate Bholanath Ji into the Radhavallabh sect.
Bholanath Ji had no interest in worldly life (household life), but obeying his guru's command, he got married. When he was studying for his B.A., he wrote an essay on Shri Rama in the All India Ramayana Competition and won the first prize, which greatly increased his fame.

Appointment in Chhatarpur and Arrival in Vrindavan (Work in Chhatarpur and Residence in Braj)
Simple Hindi: The King of Chhatarpur, Vishwanath Singh, impressed by Bholanath Ji's religious knowledge, appointed him as a religious advisor. Here he got the opportunity to deeply study the Radhavallabhiya scriptures in the king's private library. After some time, he left his job and went to Bhilsa, where he started practicing law.
Even after practicing law in Bhilsa and Kolaras, his heart was not content. His heart yearned to settle in the abode of divine love in Vrindavan, to chant the names of the divine couple under the shade of the Kadamba tree, to partake of the leftovers of the residents of Braj, and to listen to the sweet verses of the devotees.
During these days, his wife and son passed away, and some time later, his father also passed away. Free from the bonds of worldly life, he came to Vrindavan and spent the rest of his life in spiritual practice there.
Braj Bhasha: The King of Chhatarpur, Biswanath Singh Ji, pleased with his religious knowledge, appointed him as a religious advisor. There, he found the king's library, where he diligently studied the Radha Vallabhiya scriptures. After a few days, he left his job and went to Bhilsa, where he became a lawyer.
He practiced law in Bhilsa and Kolaras, but his heart was not in it. His mind longed to reside in the abode of love in Vrindavan, to chant the names of the divine couple under the shade of the Kadamba trees, to partake of the Mahaprasad (leftover food) of the residents of Braj, and to listen to devotional songs filled with divine love.
Verse:
Grant me a dwelling in Braj, where I may continuously chant the names of the divine couple, under the shade of the Kadamba trees.
Around this time, his son and wife passed away, and a short time later, his father also departed. Free from worldly responsibilities, he went to Vrindavan and spent his entire life there in devotion.

Initiation and Service of Bhori Sakhi
Simple Hindi: Upon arriving in Vrindavan, Bholanath Ji received the mantra of the Radha-charan-pradhan Nitya-Vihar-Prana worship from Shri Hit Govardhanlal Ji Maharaj, the head priest of the Shri Radhavallabh Ji temple, and became completely absorbed in devotion. It was after this initiation that he became known as 'Bhori Sakhi', as stated by Shri Hit Kishorisharan 'Ati' Ji.
Bholanath Ji (Bhori Sakhi) had a special love for Sevakunj. Every morning, he would perform the service of sweeping (Sohani-seva) in Sevakunj and the streets of Vrindavan with great devotion. Braj Bhasha: Having come to Braj (Vrindavan), Bholanath Ji received the mantra of Radha-charan-pradhan (worship of the lotus feet of Shri Radha Ji as paramount) from Shri Hit Govardhanlal Ji Maharaj, the sevak (servant) of Shri Radhavallabh Ji's temple, and became so engrossed in bhajans that he forgot everything else. From this time onwards, he came to be known by the name 'Bhori Sakhi'.
Doha:
Now, having become Bhori Sakhi, he lives with the sakhis (female companions). In this era, Shri Bholanath Ji became the supreme connoisseur of divine love.
Bhori Sakhi Ji had immense love for Sevakunj. Every morning, he would perform the task of sweeping Sevakunj and the groves of Braj with great love.

Love for the dust of Vrindavan (Love for the dust of Braj)
Simple Hindi: For Bhori Sakhi, the dust of Vrindavan was as dear as his life, because that dust is itself as dear as the life of Shri Krishna.
Braj Bhasha: For Bhori Sakhi Ji, the dust of Braj, which is the very life of Shri Krishna, is not ordinary, but is dearer than his own life.
Doha:
In every particle of that dust, reside the life breaths of Lal (Shri Krishna). Alas, do not consider that dust as ordinary. — Shri Bhori Sakhi, Prem ki Peer (435.6)","Bhori sakhi, jinaka vrndaavan aane se pahale naam bholaanaath jee tha, unaka janm 1890 mein bhelasa (madhy pradesh, bhopaal ke paas) mein hua tha. vah aadhunik samay ke ek mahaan vaaneekaar (bhakt kavi) the, jo janm se hee bhakt aur kavi the. unake pita ka naam chhedeelaal tha, jo saksena kaayasth the. bachapan se hee bholaanaath jee ko eeshvar-praapti kee dhun thee. isee dhun mein vah yogy guru kee khoj mein ghar se nikal pade. do saptaah baad vah narasinhapur jile ke ek jangal mein mile. unake bade bhaee, baijanaath jee, jo us samay kolaaras (shivapuree jila) mein naajir the, unhen ghar vaapas le aae. braj bhaasha: bhoree sakhee joo, jaanko braj main aavan te paile naam bholaanaath joo hato, unako janam bhelasa (bhopaal ke naikat, maddh parades) main 1890 kau bhayo. ye acharaj bhare vaanneekaar (bhakt-kavi) bhaye, jo janam saunee bhakt aru kabeele. inake baabai kau naam chhedeelaal hato, jo saksena kaayasth hate. baalapane (bachapan) teee bholaanaath joo ko bhagavaan kee praapti kee dhun laagi gayee. taake laayak guru koon dhoondhibe koon ye ghar te nikari gaye. pandrah din (do saptaah) peechhe ye narasinhapur jile ke ban (jangal) main mile. tab inake bade bhaee baijanaath joo, jo kolaaras main naajir hate, yen koon ghar lai aaye. deeksha, shiksha aur vivaah (deeksha, bidya aru byaah) saral hindee: kolaaras mein hee ek shreekrshn mandir tha. unake bhaee baijanaath jee ne mandir ke sevaadhikaaree pan. gopaal jee se bholaanaath jee ko raadhaavallabh-sampradaay mein deeksha dilava dee. yadyapi bholaanaath jee ko grhasth jeevan mein koee ruchi nahin thee, par guru kee aagya maanakar unhonne vaivaahik jeevan sveekaar kar liya. jab ve bee.e. ke vidyaarthee the, tab unhonne akhil bhaarateey raamaayan-pratiyogita mein maryaadaapurushottam raam par ek lekh likhakar pratham puraskaar jeeta, jisase unakee khyaati ek pratibhaashaalee grhasth ke roop mein badh gaee. braj bhaasha: kolaaras mainee ek shreekrshn kau mandir hato. inake bhaee baijanaath joo ne mandir ke seva adhikaaree pan. gopaal joo saun, bholaanaath joo koon raadhaavallabh-sampradaay kee deeksha dibaayee. bholaanaath joo koon to ghar-baar (grhasthee) main chitt naany hato, pai gurudev kee aagya maanikai byaah (vivaah) kiyo. jab ye bee.e. main padhate hate, tab inane akhil bhaarateey raamaayan-pratiyogita main shree raam jee pai lekh likhikai pailo (pratham) inaam paayo, ja saun inakee khyaati bahutai badhi gayee. chhatarapur main niyukti aur vrndaavan aagaman (chhatarapur kau kaaraj aru braj main vaas) saral hindee: chhatarapur ke raaja vishvanaath sinh ne bholaanaath jee ke dhaarmik gyaan se prabhaavit hokar unhen dhaarmik paraamarshadaata niyukt kiya. yahaan unhen raaja ke nijee granthaalay mein raadhaavallabheey vaaniyon ke gahan adhyayan ka avasar mila. kuchh samay baad unhonne naukaree chhod dee aur bhelasa chale gae, jahaan unhonne vakaalat shuroo kee. bhelasa aur kolaaras mein vakaalat karane ke baad bhee unaka man nahin laga. unaka man vrndaavan ke prem-ras dhaam mein basane, kadamb kee chhaaya mein jugal naam japane, brajavaasiyon ka joothan khaane aur rasikon kee madhur padaavaliyaan sunane ke lie atyant laalaayit tha. inheen dinon unakee patnee aur putr ka dehaant ho gaya, aur kuchh samay baad pitaajee bhee chal base. grhasthee ke bandhan se mukt hokar, vah vrndaavan chale aae aur shesh jeevan vaheen saadhana kee. braj bhaasha: chhatarapur ke raaja bisvanaath sinh joo ne inake dharam gyaan saun reejhikai (prasann hokar) dharam-salaahakaar banaay laye. uhaan inakoon raaja kau granthaalay mil gayo, jaamain inane raadhaaballabheey vaannee khoob man dai kai padheen. kachhoo dyaun (din) paachhe ye naukaree chhaandi kai bhelasa gaye, uhaan vakeel bane. bhelasa aru kolaaras main kaaraj (vakaalat) kiyo, pai man naany thaharo. inako chitt tau bas vrndaavan ke prem-dhaam main rahibe koon, kadamban kee chhaanh main jugal naam ratibe koon, brajabaasin kau mahaaprasaad (joothan) khaibe koon aru ras bhare pad-keertan sunibe koon ateesay lalachaay rahyo hato. pady (pad): deejai mohi vaas braj maaheen. jugal naam kau bhajan nirantar, aur kadamban chhaaheen . yeee dyaun inake puttar (putr) aru dharm-patnee ko baikunth-baas bhayo, pheri thode dyaun paachhe baabai (pitaajee) hoo chali base. ghar-grhasthee te chhootikai, ye vrndaavan padhaare aru saaree umar uhaanee bhajan kiyo. bhoree sakhee kee deeksha aur seva (bhoree sakhee kee deeksha aru seva) saral hindee: vrndaavan aakar bholaanaath jee ne shreeraadhaavallabh jee mandir ke sevaadhikaaree shreehit govardhanalaal jee mahaaraaj se raadha-charan-pradhaan nity-vihaar-praan upaasana ka mantr liya aur ananyata ke saath bhajan mein leen ho gae. is deeksha ke baad hee vah bhoree sakhee ke naam se vikhyaat hue, jaisa ki shreehit kishoreesharan ati jee ne kaha hai. bholaanaath jee (bhoree sakhee) ko sevaakunj se vishesh prem tha. vah pratidin praatahkaal sevaakunj aur vrndaavan kee galiyon mein jhaadoo lagaane kee seva (sohanee-seva) atyant prem se karate the. braj bhaasha: braj (vrndaavan) main aayikai bholaanaath joo ne shreeraadhaaballabh jee ke mandir ke sevaadhikaaree shreehit govardhanalaal joo mahaaraaj te raadha-charan-pradhaan (shree raadha jee ke charanan koon mukhy maanibe baaree) upaasana kau mantr liyau aru bhajan main aise leen bhaye ke sab kachhoo bhooli gaye. yeee samai te ye bhoree sakhee ke naam saun jaanai gaye. doha (doh): ab bhoree sakhi hoi ke, rahat sakhin ke saath joo. param rasik ihi kaal mein, bhaye shreebholaanaath joo. bhoree sakhee joo ko sevaakunj saun ghano (bahut) pyaar hato. ye har bhor (subah) sevaakunj aru braj kee kunjan main jhaadoo (sohanee) lagaibe kau kaaraj ghane prem saun karat hate. vrndaavan kee raj se prem (vrndaavan kee raj saun neh) saral hindee: bhoree sakhee ke lie vrndaavan kee dhool (raj) unake praanon ke samaan priy thee, kyonki vah dhool svayan shree krshn ke bhee praanon ke samaan hai. braj bhaasha: bhoree sakhee joo ke liyen braj kee dhoori (raj), jo saakshaat shree krshn ke hoo praan hai, so saadhaaran naany, pai unake praanan kee pyaaree hai. doha (doh): kan-kan mein ja renu ke, basat laal ke praan. haay sohanee taahi yaan, saadhaaran mat maan.. — shree bhoree sakhee, prem kee peer (435.6)",biography,जीवनी
chacha_shri_vrindavan_das_ji,rasik-sant,https://res.cloudinary.com/dh90u2k3l/image/upload/v1765893953/Gemini_Generated_Image_fmwfiefmwfiefmwf_yzov6c.png,biography,, चाचा श्री हित वृन्दावन दास जी,Chacha shri vrindavan das ji,Chacha shri hit vrindavan das ji,चाचा श्री हित वृन्दावन दास जी की जीवनी,Biography of Chacha Shri Hit Vrindavan Das Ji,Chaacha shree hit vrndaavan daas jee kee jeevanee,"श्रीहित वृंदावनदास 'चाचाजी' कौ चरित

{{VERSE:देखा-देखी रसिक न ह्वैहै, रस-मारग है बंगा।
कहा सिंह की सरवर करिहैं, गीदर फिरै जु रंका?  
असहन निंदा करत पराई, कबौं न मानी संका।
‘बृंदावन हितरूप’, रसिक जिन, दिय अनन्य-पथ डंका॥}}

{{HIGHLIGHT:परिचय और महत्त्व (जान-पहचान अरु बड़प्पन)}}

राधावल्लभ संप्रदाय के कवियों में हित वृंदावनदास का स्थान बहुत ऊँचा है। काव्य की विशालता (परिमाण) और शैलियों की विविधता के मामले में उनका काम किसी अन्य कवि से अधिक व्यापक है। गोस्वामी तुलसीदास जी को छोड़कर, हिंदी साहित्य की भक्ति और रीतिकालीन काव्य परंपरा का इतना समग्रता से निर्वाह (पालन) किसी और कवि ने नहीं किया।
उन्हें 'सरस्वती का वरदान' प्राप्त था, इसीलिए उनके कंठ से आजीवन सरस काव्य-धारा बहती रही।
ब्रज भाषा: राधाबल्लभ संप्रदाय के कवियन मैं हित वृंदावनदास जू कौ बड़ौ थान (स्थान) है। कविता की विसालई (विपुलता) अरु भाँत-भाँत की सैलियन मैं, इनको काम और कभियन सौं घनौ जादा (अधिक) है। गोस्वामी तुलसीदास जू कूँ छाँड़िकै, भगति अरु रीतिकाल की कविता की परिपाटी (परंपरा) कौ एतो पूरौ पालन और काहू कबी ने नाँय कियौ।
इन कूँ 'सरस्वती कौ बरदान' मिल्यौ हतौ, जा सौं इनकी कंठ सौं मीठी कविता की धारा जनम भरि बहत रही।

{{HIGHLIGHT:जन्म, निधन और निवास (जनम, म्रितु अरु रहिबे कौ थान)}}

सरल हिंदी: वृंदावनदास के जन्म वर्ष और जन्म स्थान का अभी तक कोई प्रामाणिक निर्णय नहीं हो सका है। उनकी कृतियों के आधार पर उनका जन्म 1695 ई. से 1710 ई. के बीच माना जाता है, और निधन लगभग 1793 ई. के आसपास हुआ।

जन्म स्थान: आचार्य रामचंद्र शुक्ल ने 'पुष्कर' बताया है, पर इसकी पुष्टि नहीं होती। कृष्णगढ़ के राजा बहादुर सिंह से संबंध के कारण यह अनुमान हो सकता है।

निवास: उनकी भाषा (ब्रजभाषा) देखकर लगता है कि वे ब्रजमंडल के ही निवासी थे। युवावस्था में विरक्त होकर वृंदावन आ गए थे।

भटकना: मुगलों के आक्रमणों के कारण उन्हें ब्रजभूमि से बाहर अनेक स्थानों पर भटकना पड़ा। अपनी रचना 'हरिकला वेली' में उन्होंने इन आक्रमणों का वर्णन भी किया है।

{{HIGHLIGHT:ब्रज भाषा: वृंदावनदास जू के जनम अरु थान कौ पक्कौ (प्रामाणिक) पता अबई नाँय लागौ है। इनकी रचनान के हिसाब सौं इनको जनम 1695 ई. सौं 1710 ई. के बीच अरु म्रितु 1793 ई. के आस-पास मानौ जाय।}}

जनम थान: आचार्य शुक्ल जू ने 'पुष्कर' बतायौ है, पै ये साँच नाँय दीखै।
रहिबे कौ थान: इनकी भाषा देखिकै लागै के ये ब्रजमंडल केई हते। जवानी मैं घर छाँड़िकै श्री वृंदावन आये हते।
भटकना: मुगलन के हमलेन (आक्रमणों) के कारन इनकूँ ब्रज छाँड़िकै बाहर घने थानन मैं घूमौ परो।

{{HIGHLIGHT:उपनाम और काव्य रचना (छाप अरु कवित्त रचन)}}

{{VERSE:प्रीतम, तुम तो दृगनि बसत हौ।
कहा भरोसे ह्वै पूछत हौ, कै चतुराई करि जू हँसत हौ?
लीजै परखि स्वरूप आपनो, पुतरिन में जु लसत हौ।
बृंदावन हितरूप, रसिक तुम, कुंज लड़ावत हिय हुलसत हौ॥}}

'चाचाजी' उपनाम: गोस्वामी (हित हरिवंश जी) के पिता के गुरु-भ्राता होने के कारण, पहले गोस्वामी जी और फिर सब लोग उन्हें आदर से 'चाचाजी' कहकर पुकारने लगे।

छाप (उपनाम): उन्होंने अपनी रचनाओं में वृंदावन हितरूप, वृंदावन हित और वृंदावन छाप का प्रयोग किया।

रचना काल: उन्होंने काव्य-रचना सन् 1738 ई. के आस-पास शुरू की। वह स्वयं नहीं लिखते थे, उनके साथ एक लेखक रहता था।

बाहर रहकर रचना: संवत् 1831 से 1836 तक ब्रज से बाहर रहने पर भी, उन्होंने सुप्रसिद्ध ग्रन्थ 'लाड़ सागर' की रचना की।

ग्रंथ संख्या: चाचाजी की रचनाओं की संख्या ब्रज के सभी भक्तों में सबसे अधिक है। 'साहित्य रत्नावली' में 158 ग्रन्थों की संख्या लिखी है, जबकि सवा लाख पदों की रचना की बात भी प्रसिद्ध है।
{{NOTE:
ब्रज भाषा:
'चाचाजी' नाँव: गोस्वामी (हित हरिवंश जू) के बाबै (पिता) के गुरु-भाई हते, जा सौं सब इन कूँ 'चाचाजी' कहि कै बोलन लगे।
छाप: इनने अपनी कविता मैं वृंदावन हितरूप अरु वृंदावन की छाप लगाई।
कवित्त रचन: इनने 1738 ई. के आस-पास कविता करन सुरू करी। ये आपनें हाथ सौं नाँय लिखते हते, इनकें संग एक लिखन वारौ (लेखक) रहतौ हतौ।
बाहर रचन: ब्रज ते बाहर रहिकै हू इनने 'लाड़ सागर' जैसौ बड़ौ ग्रन्थ रच्यौ।
ग्रन्थ गिनती: चाचाजी की रचनान की गिनती ब्रज के सब कभियन मैं सौं जादा है।}}

{{HIGHLIGHT:प्रमुख रचनाएँ और विषय (खास ग्रन्थ अरु बात)}}
{{NOTE:
सरल हिंदी:
प्रसिद्ध ग्रंथ: 'लाड़ सागर', 'ब्रज प्रेमानंद सागर', 'हरिवंश सहस्र नाम' (भक्तमाल जैसा), 'कलि चरित्र वेली', 'छबलीला' और 'स्फुट पद'।
अष्टयाम: केवल अष्टयाम के संबंध में यह प्रसिद्ध है कि उन्होंने प्रत्येक दिन के लिए 365 अष्टयाम लिखे थे।
विषय: मुख्य विषय भक्ति था, पर उन्होंने शृंगार, वात्सल्य, हास्य और करुण रस (कलियुग के वर्णन में) के प्रसंग भी रचे। शृंगार और वात्सल्य उनके सर्वाधिक प्रिय विषय थे।
वेली-काव्य: वेली-काव्य (एक प्रकार की रचना शैली) का सबसे अधिक साहित्य चाचाजी का ही रचा हुआ है।
ऐतिहासिक सामग्री: उनके साहित्य में राधावल्लभीय प्रेमभक्ति के इतिहास की सामग्री भी मिलती है।
ब्रज भाषा:
खास ग्रन्थ: 'लाड़ सागर', 'ब्रज प्रेमानंद सागर', 'हित हरिवंश सहस्र नाम' (भक्तन कौ परिचय) अरु 'छबलीला'।
अष्टयाम: इनके बारे मैं ये मानौ जाय के इनने 365 अष्टयाम (साल के हर द्यौं के लियें) रचे हते।
बात (विषय): मुख्य बात भगति हती, पै इनने सिंगार, बात्सल्य, हास्य अरु करुण रस की बात हू घनी लिखीं।
इतिहास: इनके साहित्य मैं राधाबल्लभीय भगति के इतिहास की बात हू मिलैं।
}}

{{HIGHLIGHT:काव्य-भाषा और शैली (कविता की बोली अरु ढँग)}}

सरल हिंदी:
भाषा: उनकी भाषा व्यावहारिक बोलचाल की ब्रजभाषा थी, जिसे 'घरेलू ब्रजभाषा' भी कह सकते हैं। उन्होंने जानबूझकर रीतिकाल के कवियों की तरह कठिन और संस्कृतनिष्ठ (तत्सम) शब्दावली से परहेज किया।
संवादात्मकता और नाटकीयता: उनकी भाषा में बातचीत (संवादात्मकता) अधिक है। 'लाड़ सागर' जैसे ग्रंथों में नाटकीयता लाने के लिए संवादों का खूब प्रयोग किया गया है।
छंद विधान: दोहा, चौपाई के साथ-साथ कवित्त, सवैया, सोरठा, छप्पय आदि अनेक छंदों का प्रयोग किया। लोकगीतों (जैसे विवाह के गीत, गाली गीत) की धुन पर भी रचनाएँ कीं।
रास लीला: रास लीला में आज भी उनके पदों का प्रयोग होता है, जिसके लिए उन्होंने अनेक लीलाएँ संवादात्मक शैली में लिखी थीं।
महत्त्व: ब्रजभाषा को विशद और व्यापक विस्तार देने का श्रेय महाकवि व्यास के रूप में चाचा वृंदावनदास को प्राप्त है।
ब्रज भाषा:
बोली: इनकी बोली रोज बरती जान बारी ब्रजभाषा हती, जाकूँ 'घरेलू ब्रजभाषा' कहि सकैं। इनने जानि-बूझिकै कठिन अरु संस्किरित कीसी सबदन (तत्सम) कूँ नाँय बरतौ।
बातचीत कौ ढँग: इनकी बोली मैं बात करन कौ ढँग जादा है। 'लाड़ सागर' मैं नाटकीपन लान के लियें खूब संवाद (बातचीत) दये गये हैं।
छंद: इनने कवित्त, सबैया, सोरठा अरु लोकगीतन (जैसे ब्याह के गीत, गारी गीत) की धुन पै हू कविता रची।
रास लीला: रास लीला मैं आज हू इनके पद गाए जाँय हैं।
बड़प्पन: ब्रजभाषा कूँ बड़ौ विस्तार देन कौ जस महाकवि व्यास के रूप मैं चाचा वृंदावनदास जू कूँई मिल्यौ है।","Biography of Shri hit Vrindavan Das 'Chachaji'?

{{VERSE:Dekha-dekhee rasik na hvaihai, ras-maarag hai banga.
kaha sinh kee saravar karihain, geedar phirai ju ranka?
ashan ninda karat paraee, kabaun na maanee sanka.
‘brndaavan hitaroop’, rasik jin, diy anany-path danka.}}



{{HIGHLIGHT:Introduction and importance (Knowledge and nobility)}}

{{VERSE:preetam, tum to drgani basat hau.
kaha niyukt hvai poochhat hau, kai chaturaee kari joo hansat hau?
leejai parakhi svaroop aapano, putarin mein joo lasat hau.
brndaavan hitaroop, rasik tum, kunj ladaavat hiy hulasat hau.}}

Hit Vrindavan Das's place among the poets of Radhavallabh sect is very high. His work is more extensive than any other poet in terms of poetic scope (magnitude) and variety of styles. Except Goswami Tulsidas ji, no other poet has followed the devotional and ritual poetry tradition of Hindi literature so completely.
He was blessed with the 'boon of Saraswati', that is why the stream of poetic poetry continued to flow from his voice throughout his life.
Braj language: Vrindavan Das is the poet of Radha Ballabh sect's favorite place. Visalai (abundance) of poetry and different types of saliyaan main, inko kaam aur kabhiyan saun ghanau jada (more). Goswami Tulsidas Ju Ko Chhandikai, Bhagti Aru Ritikal's tradition of poetry, which one completely followed and which Kabi ne Nayan Kiyau.
Where did you meet 'Saraswati's boon', the stream of sweet poetry kept flowing from his voice throughout his life.

{{HIGHLIGHT:Birth, Death, and Residence}}

Simple Hindi: No authentic information is yet available regarding Vrindavan Das's year and place of birth. Based on his works, his birth is estimated to be between 1695 and 1710 CE, and his death around 1793 CE.

Place of Birth: Acharya Ramchandra Shukla suggested 'Pushkar', but this is not confirmed. This assumption may be due to his connection with Raja Bahadur Singh of Kishangarh.

Residence: Judging by his language (Braj Bhasha), it seems he was a resident of the Braj region. In his youth, he renounced worldly life and came to Vrindavan.

Wandering: Due to the Mughal invasions, he had to wander to many places outside the Braj region. He has also described these invasions in his work 'Harikala Veli'.

{{HIGHLIGHT:Braj Bhasha: The exact (authentic) information about Vrindavan Das's birth and place of residence is not yet known. Based on his works, his birth is considered to be between 1695 and 1710 CE, and his death around 1793 CE.}}

Place of Birth: Acharya Shukla suggested 'Pushkar', but this does not seem to be true.
Residence: Looking at his language, it seems he was from the Braj region. In his youth, he left his home and came to Shri Vrindavan.
Wandering: Due to the Mughal attacks, he had to wander to many places outside Braj. {{HIGHLIGHT: Pseudonym and Poetic Works (Pen Name and Poetic Compositions)}}

'Chachaji' (Uncle) Pseudonym: Due to being the guru-brother of Goswami (Hit Harivansh Ji)'s father, first Goswami Ji and then everyone else respectfully started calling him 'Chachaji'.

Pen Name: He used the names Vrindavan Hitroop, Vrindavan Hit, and Vrindavan as his pen names in his compositions.

Period of Composition: He started composing poetry around 1738 AD. He did not write himself; a scribe accompanied him.

Compositions while away from home: Even while staying outside Braj from 1831 to 1836, he composed the famous work 'Lad Sagar'.

Number of Works: The number of Chachaji's compositions is the highest among all the devotees of Braj. 'Sahitya Ratnavali' mentions 158 works, while the composition of one and a quarter lakh verses is also well-known.
{{NOTE:
Braj Bhasha:
'Chachaji' Name: He was the guru-brother of Goswami (Hit Harivansh Ji)'s father, due to which everyone started calling him 'Chachaji'.
Pen Name: He used the names Vrindavan Hitroop and Vrindavan as his pen names in his poetry.
Poetic Compositions: He started composing poetry around 1738 AD. He did not write with his own hand; a scribe stayed with him.
Compositions while away from home: Even while staying outside Braj, he composed a great work like 'Lad Sagar'. Book Count: Chachaji's works are more numerous than those of any other poet in Braj.

{{HIGHLIGHT:Major Works and Themes (Important Books and Topics)}}
{{NOTE:
Simple Hindi:
Famous Works: 'Lad Sagar', 'Braj Premanand Sagar', 'Harivansh Sahasra Naam' (like Bhaktamal), 'Kali Charitra Veli', 'Chhabilila', and 'Sphut Pad'.
Ashtayam: It is said that he wrote 365 Ashtayams (one for each day of the year).
Themes: The main theme was devotion, but he also composed works on love, parental affection, humor, and pathos (in the description of Kali Yuga). Love and parental affection were his most favorite themes.
Veli-Kavya: Chachaji composed the largest body of literature in the Veli-Kavya style (a type of poetic composition).
Historical Material: His literature also contains material on the history of Radhavallabhiya devotional love.
Braj Language:
Important Books: 'Lad Sagar', 'Braj Premanand Sagar', 'Hit Harivansh Sahasra Naam' (Introduction to Devotees) and 'Chhabilila'.
Ashtayam: It is believed that he composed 365 Ashtayams (one for each day of the year).
Topics: The main topic was devotion, but he also wrote extensively on love, parental affection, humor, and pathos.
History: His literature also contains information on the history of Radhavallabhiya devotion.
}}

Poetic Language and Style (The Language and Manner of the Poetry)
Simple Hindi:
Language: His language was practical, colloquial Braj Bhasha, which can also be called 'domestic Braj Bhasha'. He deliberately avoided difficult and Sanskritized (Tatsama) vocabulary, unlike the poets of the Ritikal period.
Conversational and Dramatic Style: His language is highly conversational. In works like 'Lad Sagar', dialogues are extensively used to create dramatic effect.
Meter and Rhyme: He used many meters, including Doha, Chaupai, as well as Kavitt, Savaiya, Soratha, Chhappay, etc. He also composed works to the tunes of folk songs (such as wedding songs, abusive songs).
Rasa Lila: His verses are still used in Rasa Lila performances today, for which he wrote many plays in a conversational style.
Significance: The credit for giving Braj Bhasha a rich and wide scope goes to Chacha Vrindavan Das, in the form of the great poet Vyas.
Braj Bhasha:
Language: His language was the everyday spoken Braj Bhasha, which can be called 'domestic Braj Bhasha'. He deliberately avoided difficult and Sanskritized (Tatsama) words.
Conversational Style: His language has a very conversational style. In 'Lad Sagar', many dialogues (conversations) are included to create a dramatic effect.
Meter: He composed poems in Kavitt, Savaiya, Soratha, and also to the tunes of folk songs (such as wedding songs, abusive songs).
Rasa Lila: His verses are still sung in Rasa Lila performances today.
Importance: The credit for giving Braj Bhasha a great expansion goes to Chacha Vrindavan Das, in the form of the great poet Vyas.","श्रीहित वृंदावनदास 'चाचाजी' कौ चरित

{{VERSE:देखा-देखी रसिक न ह्वैहै, रस-मारग है बंगा।
कहा सिंह की सरवर करिहैं, गीदर फिरै जु रंका?  
असहन निंदा करत पराई, कबौं न मानी संका।
‘बृंदावन हितरूप’, रसिक जिन, दिय अनन्य-पथ डंका॥}}


{{HIGHLIGHT:परिचय और महत्त्व (जान-पहचान अरु बड़प्पन)}}

राधावल्लभ संप्रदाय के कवियों में हित वृंदावनदास का स्थान बहुत ऊँचा है। काव्य की विशालता (परिमाण) और शैलियों की विविधता के मामले में उनका काम किसी अन्य कवि से अधिक व्यापक है। गोस्वामी तुलसीदास जी को छोड़कर, हिंदी साहित्य की भक्ति और रीतिकालीन काव्य परंपरा का इतना समग्रता से निर्वाह (पालन) किसी और कवि ने नहीं किया।
उन्हें 'सरस्वती का वरदान' प्राप्त था, इसीलिए उनके कंठ से आजीवन सरस काव्य-धारा बहती रही।
ब्रज भाषा: राधाबल्लभ संप्रदाय के कवियन मैं हित वृंदावनदास जू कौ बड़ौ थान (स्थान) है। कविता की विसालई (विपुलता) अरु भाँत-भाँत की सैलियन मैं, इनको काम और कभियन सौं घनौ जादा (अधिक) है। गोस्वामी तुलसीदास जू कूँ छाँड़िकै, भगति अरु रीतिकाल की कविता की परिपाटी (परंपरा) कौ एतो पूरौ पालन और काहू कबी ने नाँय कियौ।
इन कूँ 'सरस्वती कौ बरदान' मिल्यौ हतौ, जा सौं इनकी कंठ सौं मीठी कविता की धारा जनम भरि बहत रही।

{{HIGHLIGHT:जन्म, निधन और निवास (जनम, म्रितु अरु रहिबे कौ थान)}}

सरल हिंदी: वृंदावनदास के जन्म वर्ष और जन्म स्थान का अभी तक कोई प्रामाणिक निर्णय नहीं हो सका है। उनकी कृतियों के आधार पर उनका जन्म 1695 ई. से 1710 ई. के बीच माना जाता है, और निधन लगभग 1793 ई. के आसपास हुआ।

जन्म स्थान: आचार्य रामचंद्र शुक्ल ने 'पुष्कर' बताया है, पर इसकी पुष्टि नहीं होती। कृष्णगढ़ के राजा बहादुर सिंह से संबंध के कारण यह अनुमान हो सकता है।

निवास: उनकी भाषा (ब्रजभाषा) देखकर लगता है कि वे ब्रजमंडल के ही निवासी थे। युवावस्था में विरक्त होकर वृंदावन आ गए थे।

भटकना: मुगलों के आक्रमणों के कारण उन्हें ब्रजभूमि से बाहर अनेक स्थानों पर भटकना पड़ा। अपनी रचना 'हरिकला वेली' में उन्होंने इन आक्रमणों का वर्णन भी किया है।

{{HIGHLIGHT:ब्रज भाषा: वृंदावनदास जू के जनम अरु थान कौ पक्कौ (प्रामाणिक) पता अबई नाँय लागौ है। इनकी रचनान के हिसाब सौं इनको जनम 1695 ई. सौं 1710 ई. के बीच अरु म्रितु 1793 ई. के आस-पास मानौ जाय।}}

जनम थान: आचार्य शुक्ल जू ने 'पुष्कर' बतायौ है, पै ये साँच नाँय दीखै।
रहिबे कौ थान: इनकी भाषा देखिकै लागै के ये ब्रजमंडल केई हते। जवानी मैं घर छाँड़िकै श्री वृंदावन आये हते।
भटकना: मुगलन के हमलेन (आक्रमणों) के कारन इनकूँ ब्रज छाँड़िकै बाहर घने थानन मैं घूमौ परो।

{{HIGHLIGHT:उपनाम और काव्य रचना (छाप अरु कवित्त रचन)}}
{{VERSE:प्रीतम, तुम तो दृगनि बसत हौ।
कहा भरोसे ह्वै पूछत हौ, कै चतुराई करि जू हँसत हौ?
लीजै परखि स्वरूप आपनो, पुतरिन में जु लसत हौ।
बृंदावन हितरूप, रसिक तुम, कुंज लड़ावत हिय हुलसत हौ॥}}

'चाचाजी' उपनाम: गोस्वामी (हित हरिवंश जी) के पिता के गुरु-भ्राता होने के कारण, पहले गोस्वामी जी और फिर सब लोग उन्हें आदर से 'चाचाजी' कहकर पुकारने लगे।

छाप (उपनाम): उन्होंने अपनी रचनाओं में वृंदावन हितरूप, वृंदावन हित और वृंदावन छाप का प्रयोग किया।

रचना काल: उन्होंने काव्य-रचना सन् 1738 ई. के आस-पास शुरू की। वह स्वयं नहीं लिखते थे, उनके साथ एक लेखक रहता था।

बाहर रहकर रचना: संवत् 1831 से 1836 तक ब्रज से बाहर रहने पर भी, उन्होंने सुप्रसिद्ध ग्रन्थ 'लाड़ सागर' की रचना की।

ग्रंथ संख्या: चाचाजी की रचनाओं की संख्या ब्रज के सभी भक्तों में सबसे अधिक है। 'साहित्य रत्नावली' में 158 ग्रन्थों की संख्या लिखी है, जबकि सवा लाख पदों की रचना की बात भी प्रसिद्ध है।
{{NOTE:
ब्रज भाषा:
'चाचाजी' नाँव: गोस्वामी (हित हरिवंश जू) के बाबै (पिता) के गुरु-भाई हते, जा सौं सब इन कूँ 'चाचाजी' कहि कै बोलन लगे।
छाप: इनने अपनी कविता मैं वृंदावन हितरूप अरु वृंदावन की छाप लगाई।
कवित्त रचन: इनने 1738 ई. के आस-पास कविता करन सुरू करी। ये आपनें हाथ सौं नाँय लिखते हते, इनकें संग एक लिखन वारौ (लेखक) रहतौ हतौ।
बाहर रचन: ब्रज ते बाहर रहिकै हू इनने 'लाड़ सागर' जैसौ बड़ौ ग्रन्थ रच्यौ।
ग्रन्थ गिनती: चाचाजी की रचनान की गिनती ब्रज के सब कभियन मैं सौं जादा है।}}

{{HIGHLIGHT:प्रमुख रचनाएँ और विषय (खास ग्रन्थ अरु बात)}}
{{NOTE:
सरल हिंदी:
प्रसिद्ध ग्रंथ: 'लाड़ सागर', 'ब्रज प्रेमानंद सागर', 'हरिवंश सहस्र नाम' (भक्तमाल जैसा), 'कलि चरित्र वेली', 'छबलीला' और 'स्फुट पद'।
अष्टयाम: केवल अष्टयाम के संबंध में यह प्रसिद्ध है कि उन्होंने प्रत्येक दिन के लिए 365 अष्टयाम लिखे थे।
विषय: मुख्य विषय भक्ति था, पर उन्होंने शृंगार, वात्सल्य, हास्य और करुण रस (कलियुग के वर्णन में) के प्रसंग भी रचे। शृंगार और वात्सल्य उनके सर्वाधिक प्रिय विषय थे।
वेली-काव्य: वेली-काव्य (एक प्रकार की रचना शैली) का सबसे अधिक साहित्य चाचाजी का ही रचा हुआ है।
ऐतिहासिक सामग्री: उनके साहित्य में राधावल्लभीय प्रेमभक्ति के इतिहास की सामग्री भी मिलती है।
ब्रज भाषा:
खास ग्रन्थ: 'लाड़ सागर', 'ब्रज प्रेमानंद सागर', 'हित हरिवंश सहस्र नाम' (भक्तन कौ परिचय) अरु 'छबलीला'।
अष्टयाम: इनके बारे मैं ये मानौ जाय के इनने 365 अष्टयाम (साल के हर द्यौं के लियें) रचे हते।
बात (विषय): मुख्य बात भगति हती, पै इनने सिंगार, बात्सल्य, हास्य अरु करुण रस की बात हू घनी लिखीं।
इतिहास: इनके साहित्य मैं राधाबल्लभीय भगति के इतिहास की बात हू मिलैं।
}}

{{HIGHLIGHT:काव्य-भाषा और शैली (कविता की बोली अरु ढँग)}}

सरल हिंदी:
भाषा: उनकी भाषा व्यावहारिक बोलचाल की ब्रजभाषा थी, जिसे 'घरेलू ब्रजभाषा' भी कह सकते हैं। उन्होंने जानबूझकर रीतिकाल के कवियों की तरह कठिन और संस्कृतनिष्ठ (तत्सम) शब्दावली से परहेज किया।
संवादात्मकता और नाटकीयता: उनकी भाषा में बातचीत (संवादात्मकता) अधिक है। 'लाड़ सागर' जैसे ग्रंथों में नाटकीयता लाने के लिए संवादों का खूब प्रयोग किया गया है।
छंद विधान: दोहा, चौपाई के साथ-साथ कवित्त, सवैया, सोरठा, छप्पय आदि अनेक छंदों का प्रयोग किया। लोकगीतों (जैसे विवाह के गीत, गाली गीत) की धुन पर भी रचनाएँ कीं।
रास लीला: रास लीला में आज भी उनके पदों का प्रयोग होता है, जिसके लिए उन्होंने अनेक लीलाएँ संवादात्मक शैली में लिखी थीं।
महत्त्व: ब्रजभाषा को विशद और व्यापक विस्तार देने का श्रेय महाकवि व्यास के रूप में चाचा वृंदावनदास को प्राप्त है।
ब्रज भाषा:
बोली: इनकी बोली रोज बरती जान बारी ब्रजभाषा हती, जाकूँ 'घरेलू ब्रजभाषा' कहि सकैं। इनने जानि-बूझिकै कठिन अरु संस्किरित कीसी सबदन (तत्सम) कूँ नाँय बरतौ।
बातचीत कौ ढँग: इनकी बोली मैं बात करन कौ ढँग जादा है। 'लाड़ सागर' मैं नाटकीपन लान के लियें खूब संवाद (बातचीत) दये गये हैं।
छंद: इनने कवित्त, सबैया, सोरठा अरु लोकगीतन (जैसे ब्याह के गीत, गारी गीत) की धुन पै हू कविता रची।
रास लीला: रास लीला मैं आज हू इनके पद गाए जाँय हैं।
बड़प्पन: ब्रजभाषा कूँ बड़ौ विस्तार देन कौ जस महाकवि व्यास के रूप मैं चाचा वृंदावनदास जू कूँई मिल्यौ है।",biography,जीवनी
dekhi_dekhi_rasik_na_hueehai,pad-gayan,https://res.cloudinary.com/dh90u2k3l/image/upload/v1765893953/Gemini_Generated_Image_fmwfiefmwfiefmwf_yzov6c.png,pad,,देखा-देखी रसिक न ह्वैहै,Dekhi dekhi rasik na hueehai,Dekhi dekhi rasik na hueehai,चाचा श्री हित वृंदावन दास जी का पद,A poem by Chacha Shri Hit Vrindavan Das Ji,Chacha shri hit vrindavan das ji ka pad,"{{VERSE:देखा-देखी रसिक न ह्वैहै, रस-मारग है बंगा।
कहा सिंह की सरवर करिहैं, गीदर फिरै जु रंका?  
असहन निंदा करत पराई, कबौं न मानी संका।
‘बृंदावन हितरूप’, रसिक जिन, दिय अनन्य-पथ डंका॥}}
","{{VERSE:Dekha-dekhee rasik na hvaihai, ras-maarag hai banga.
kaha sinh kee saravar karihain, geedar phirai ju ranka?
ashan ninda karat paraee, kabaun na maanee sanka.
‘brndaavan hitaroop’, rasik jin, diy anany-path danka.}}","{{VERSE:Dekha-dekhee rasik na hvaihai, ras-maarag hai banga.
kaha sinh kee saravar karihain, geedar phirai ju ranka?
ashan ninda karat paraee, kabaun na maanee sanka.
‘brndaavan hitaroop’, rasik jin, diy anany-path danka.}}",chacha shree vrindavan das ji,चाचा श्री वृन्दावन दास जी
preetam_tum_to_drgani_basat_hau,pad-gayan,https://res.cloudinary.com/dh90u2k3l/image/upload/v1765893953/Gemini_Generated_Image_fmwfiefmwfiefmwf_yzov6c.png,pad,,"प्रीतम, तुम तो दृगनि बसत हौ",preetam tum to drgani basat hau,preetam tum to drgani basat hau,"प्रीतम, तुम तो दृगनि बसत हौ प्रीतम, पद चाचा श्री वृंदावन दास जी द्वारा","preetam, tum to drgani basat hau poem by chacha shri vrindaavan das","preetam, tum to drgani basat hau pad chaacha shree vrndaavan daas jee dvaara","{{VERSE:प्रीतम, तुम तो दृगनि बसत हौ।
कहा भरोसे ह्वै पूछत हौ, कै चतुराई करि जू हँसत हौ?
लीजै परखि स्वरूप आपनो, पुतरिन में जु लसत हौ।
बृंदावन हितरूप, रसिक तुम, कुंज लड़ावत हिय हुलसत हौ॥}}
","{{VERSE:preetam, tum to drgani basat hau.
kaha niyukt hvai poochhat hau, kai chaturaee kari joo hansat hau?
leejai parakhi svaroop aapano, putarin mein joo lasat hau.
brndaavan hitaroop, rasik tum, kunj ladaavat hiy hulasat hau.}}","{{VERSE:preetam, tum to drgani basat hau.
kaha niyukt hvai poochhat hau, kai chaturaee kari joo hansat hau?
leejai parakhi svaroop aapano, putarin mein joo lasat hau.
brndaavan hitaroop, rasik tum, kunj ladaavat hiy hulasat hau.}}",chacha shree vrindavan das ji,चाचा श्री वृन्दावन दास जी
radhavallabh_shri_harivansh_naam_jap,naam-jap,https://res.cloudinary.com/dsi8rmtfp/image/upload/v1765956406/radhavallabji_mpg2mq.png,audio,https://res.cloudinary.com/dsi8rmtfp/video/upload/v1765909196/radhavallabhshriharivanshnaamjapa_mhewyq.mp3,राधावल्लभ श्री हरिवंश नाम जप,radhavallabh shri harivansh naam jap,Radhavallabh Shri harivansh Naam jap,यह ऑडियो राधावल्लभ श्री हरिवंश नाम जप एक हरिवंश उपासक के द्वारा गया गया है !,"This is a audio recorded by a Harivansh Upasak, Radhavallabh Shri harivansh naam jap !",Yeh audio radhavallabh Shri harivansh naam jap ake harivansh upasak ne gaya hai !,"{{IMG:https://res.cloudinary.com/dsi8rmtfp/image/upload/v1765956406/radhavallabji_mpg2mq.png|RADHAVLLAB JI |Center}}
राधावल्लभ श्री हरिवंश ","{{IMG:https://res.cloudinary.com/dsi8rmtfp/image/upload/v1765956406/radhavallabji_mpg2mq.png|RADHAVLLAB JI |Center}}
Radhavallabh Shri harivansh","{{IMG:https://res.cloudinary.com/dsi8rmtfp/image/upload/v1765956406/radhavallabji_mpg2mq.png|RADHAVLLAB JI |Center}}
Radhavallabh Shri harivansh ",naam jap,नाम जप
,,,,,,,,,,,,,,,
jai_jai_radhavallabh_shri_harivansh_naam_jap,naam-jap,https://res.cloudinary.com/dsi8rmtfp/image/upload/v1765956406/radhavallabji_mpg2mq.png,audio,https://res.cloudinary.com/dh90u2k3l/video/upload/v1766224880/jai_jai_radhavallabh_shri_hariavansh_naam_jap_wngmcu.mp4,जय जय राधावल्लभ श्री हरिवंश नाम जप,Jai Jai RadhaVallabh shri harivansh naam jap,Jai Jai RadhaVallabh shri harivansh naam jap,राधावल्लभ श्री हरिवंश जय जय श्री वृन्दावन श्री वनचंद जाप,Radhavallabh shri harivansh jai jai shree vrindavan shri vanchand jaap,Radhavallabh shri harivansh jai jai shree vrindavan shri vanchand jaap,{{IMG: https://res.cloudinary.com/dsi8rmtfp/image/upload/v1765956406/radhavallabji_mpg2mq.png |जय जय राधावल्लभ श्री हरिवंश नाम जप|Center}},{{IMG: https://res.cloudinary.com/dsi8rmtfp/image/upload/v1765956406/radhavallabhji_mpg2mq.png |Radhavallabh shree hit harivansh|Center}},{{IMG: https://res.cloudinary.com/dsi8rmtfp/image/upload/v1765956406/radhavallabji_mpg2mq.png |Radhavallabh shree hit harivansh|Center}},naam jap,नाम जाप